Station,RMSE_all,RMSE_PSO,MAE_all,MAE_PSO,MAPE_all,MAPE_PSO,KGE_all,KGE_PSO,KGE/MAPE,DM_pval
97230,388.20968901114566,86.01154097834413,310.64569452728267,51.763443942066324,30.75752408719021,5.125841067058597,-157.918758889978,-36.37899267993347,-7.097175313086544,0.0
