Station,RMSE_all,RMSE_PSO,MAE_all,MAE_PSO,MAPE_all,MAPE_PSO,KGE_all,KGE_PSO,KGE/MAPE,DM_pval
96749,604.6544670306803,113.29406242423822,520.1517659773922,59.31091044986777,51.54912847449567,5.878676032705742,-278.34902403497784,-60.693999186279456,-10.32443340109426,0.0
