Station,RMSE_all,RMSE_PSO,MAE_all,MAE_PSO,MAPE_all,MAPE_PSO,KGE_all,KGE_PSO,KGE/MAPE,DM_pval
97430,615.2086264064116,158.06924062831345,550.3944625987401,97.57693430142591,54.670504579284554,9.693162515012622,-216.17795022269274,-85.51898696768335,-8.822609425482431,0.0
